Carol Peters carol.peters@irmantasm.lt
Leonard Tucker leonard.tucker@irmantasm.lt
Sophie Knox sophie.knox@irmantasm.lt
Dan Nolan dan.nolan@irmantasm.lt
Evan Mackenzie evan.mackenzie@irmantasm.lt
Alexandra Randall alexandra.randall@irmantasm.lt
Robert Gray robert.gray@irmantasm.lt
Karen Watson karen.watson@irmantasm.lt
Anna Slater anna.slater@irmantasm.lt
Carol Skinner carol.skinner@irmantasm.lt
Alexander Baker alexander.baker@irmantasm.lt
Phil Gibson phil.gibson@irmantasm.lt
Steven Campbell steven.campbell@irmantasm.lt
Austin Glover austin.glover@irmantasm.lt
Lily Baker lily.baker@irmantasm.lt
Zoe Metcalfe zoe.metcalfe@irmantasm.lt
Elizabeth Bond elizabeth.bond@irmantasm.lt
Adrian Lewis adrian.lewis@irmantasm.lt
Rebecca Gill rebecca.gill@irmantasm.lt
Alan Turner alan.turner@irmantasm.lt
Neil Butler neil.butler@irmantasm.lt
Julian Powell julian.powell@irmantasm.lt
James Short james.short@irmantasm.lt
Stephanie Metcalfe stephanie.metcalfe@irmantasm.lt
Jack Bailey jack.bailey@irmantasm.lt
Adam Baker adam.baker@irmantasm.lt
Oliver Rampling oliver.rampling@irmantasm.lt
Caroline Parr caroline.parr@irmantasm.lt
Sean Wallace sean.wallace@irmantasm.lt
Christopher Hamilton christopher.hamilton@irmantasm.lt
Nicola Baker nicola.baker@irmantasm.lt
Caroline Reid caroline.reid@irmantasm.lt
Virginia Hunter virginia.hunter@irmantasm.lt
Edward Newman edward.newman@irmantasm.lt
Nicola Arnold nicola.arnold@irmantasm.lt
Lily Walker lily.walker@irmantasm.lt
Alexandra Springer alexandra.springer@irmantasm.lt
Warren Underwood warren.underwood@irmantasm.lt
Lauren Sanderson lauren.sanderson@irmantasm.lt
Zoe White zoe.white@irmantasm.lt
Lisa Hughes lisa.hughes@irmantasm.lt
Una Randall una.randall@irmantasm.lt
Chloe Butler chloe.butler@irmantasm.lt
Faith Slater faith.slater@irmantasm.lt
Sophie MacDonald sophie.macdonald@irmantasm.lt
Gavin Manning gavin.manning@irmantasm.lt
Lily Ince lily.ince@irmantasm.lt
Peter Mackenzie peter.mackenzie@irmantasm.lt
Sue Howard sue.howard@irmantasm.lt
Bernadette Robertson bernadette.robertson@irmantasm.lt
Piers Allan piers.allan@irmantasm.lt
Melanie Scott melanie.scott@irmantasm.lt
Justin Glover justin.glover@irmantasm.lt
Sebastian Sanderson sebastian.sanderson@irmantasm.lt
Emily Simpson emily.simpson@irmantasm.lt
Virginia Reid virginia.reid@irmantasm.lt
Karen Fraser karen.fraser@irmantasm.lt
Carolyn Mackenzie carolyn.mackenzie@irmantasm.lt
Oliver Bond oliver.bond@irmantasm.lt
Leah Alsop leah.alsop@irmantasm.lt
Faith Abraham faith.abraham@irmantasm.lt
Megan Martin megan.martin@irmantasm.lt
Lauren Hardacre lauren.hardacre@irmantasm.lt
Jack Mills jack.mills@irmantasm.lt
Alan Baker alan.baker@irmantasm.lt
Karen Morrison karen.morrison@irmantasm.lt
Grace Randall grace.randall@irmantasm.lt
Colin Terry colin.terry@irmantasm.lt
Sebastian Edmunds sebastian.edmunds@irmantasm.lt
Tim Churchill tim.churchill@irmantasm.lt
Boris Robertson boris.robertson@irmantasm.lt
Adam Taylor adam.taylor@irmantasm.lt
Deirdre Greene deirdre.greene@irmantasm.lt
Jane Carr jane.carr@irmantasm.lt
Rebecca Scott rebecca.scott@irmantasm.lt
Julia Nolan julia.nolan@irmantasm.lt
Stewart Turner stewart.turner@irmantasm.lt
Jonathan Dyer jonathan.dyer@irmantasm.lt
Bernadette Greene bernadette.greene@irmantasm.lt
Amanda Arnold amanda.arnold@irmantasm.lt
Luke Paterson luke.paterson@irmantasm.lt
Lily Bell lily.bell@irmantasm.lt
Austin Bell austin.bell@irmantasm.lt
Jonathan Quinn jonathan.quinn@irmantasm.lt
Nicholas Reid nicholas.reid@irmantasm.lt
Connor Watson connor.watson@irmantasm.lt
Nicholas Quinn nicholas.quinn@irmantasm.lt
Owen Langdon owen.langdon@irmantasm.lt
Andrea James andrea.james@irmantasm.lt
Jessica Peake jessica.peake@irmantasm.lt
Anne Poole anne.poole@irmantasm.lt
Abigail Kelly abigail.kelly@irmantasm.lt
Joseph Turner joseph.turner@irmantasm.lt
Kylie Peake kylie.peake@irmantasm.lt
Christopher Bond christopher.bond@irmantasm.lt
Sally Buckland sally.buckland@irmantasm.lt
Brian Ross brian.ross@irmantasm.lt
Sonia Gray sonia.gray@irmantasm.lt
Ruth Wilkins ruth.wilkins@irmantasm.lt
Yvonne Dowd yvonne.dowd@irmantasm.lt
Audrey Dyer audrey.dyer@irmantasm.lt
Zoe Knox zoe.knox@irmantasm.lt
Warren Black warren.black@irmantasm.lt
Una Underwood una.underwood@irmantasm.lt
Melanie Peters melanie.peters@irmantasm.lt
Fiona MacDonald fiona.macdonald@irmantasm.lt
Gavin Hodges gavin.hodges@irmantasm.lt
Trevor Chapman trevor.chapman@irmantasm.lt
Frank James frank.james@irmantasm.lt
Maria Metcalfe maria.metcalfe@irmantasm.lt
Fiona Knox fiona.knox@irmantasm.lt
Boris Tucker boris.tucker@irmantasm.lt
Piers Simpson piers.simpson@irmantasm.lt
Rose McGrath rose.mcgrath@irmantasm.lt
Heather Miller heather.miller@irmantasm.lt
Carl Simpson carl.simpson@irmantasm.lt
Brian Mills brian.mills@irmantasm.lt
Hannah Johnston hannah.johnston@irmantasm.lt
Stephen Sutherland stephen.sutherland@irmantasm.lt
Leah Vance leah.vance@irmantasm.lt
Angela Springer angela.springer@irmantasm.lt
Victor Miller victor.miller@irmantasm.lt
Maria Wallace maria.wallace@irmantasm.lt
Dan Paterson dan.paterson@irmantasm.lt
Rachel Ogden rachel.ogden@irmantasm.lt
Caroline Skinner caroline.skinner@irmantasm.lt
Joshua Howard joshua.howard@irmantasm.lt
Molly Roberts molly.roberts@irmantasm.lt
Caroline Hill caroline.hill@irmantasm.lt
Alison Lee alison.lee@irmantasm.lt
Maria Ince maria.ince@irmantasm.lt
Jan Scott jan.scott@irmantasm.lt
Rebecca McLean rebecca.mclean@irmantasm.lt
Joshua Short joshua.short@irmantasm.lt
Ella Roberts ella.roberts@irmantasm.lt
Michael May michael.may@irmantasm.lt
Dorothy Bond dorothy.bond@irmantasm.lt
Jack Wallace jack.wallace@irmantasm.lt
Oliver Alsop oliver.alsop@irmantasm.lt
Dan Cornish dan.cornish@irmantasm.lt
Sean Gibson sean.gibson@irmantasm.lt
Chloe Newman chloe.newman@irmantasm.lt
Molly Rampling molly.rampling@irmantasm.lt
Phil Young phil.young@irmantasm.lt
Jan Marshall jan.marshall@irmantasm.lt
Karen Paige karen.paige@irmantasm.lt
Jonathan Jones jonathan.jones@irmantasm.lt
Austin Cornish austin.cornish@irmantasm.lt
Faith Clark faith.clark@irmantasm.lt
Lucas Gill lucas.gill@irmantasm.lt
Dominic Forsyth dominic.forsyth@irmantasm.lt
Stephanie Young stephanie.young@irmantasm.lt
Boris Hodges boris.hodges@irmantasm.lt
Chloe Stewart chloe.stewart@irmantasm.lt
Felicity Henderson felicity.henderson@irmantasm.lt
Luke Black luke.black@irmantasm.lt
Natalie McGrath natalie.mcgrath@irmantasm.lt
Jacob Bailey jacob.bailey@irmantasm.lt
Angela Campbell angela.campbell@irmantasm.lt
Stephanie Berry stephanie.berry@irmantasm.lt
Nicholas White nicholas.white@irmantasm.lt
Dominic Robertson dominic.robertson@irmantasm.lt
Julia Ferguson julia.ferguson@irmantasm.lt
Edward Parsons edward.parsons@irmantasm.lt
Warren Quinn warren.quinn@irmantasm.lt
Karen King karen.king@irmantasm.lt
Simon Rees simon.rees@irmantasm.lt
Thomas Underwood thomas.underwood@irmantasm.lt
Bella Piper bella.piper@irmantasm.lt
Trevor Ogden trevor.ogden@irmantasm.lt
Alan Coleman alan.coleman@irmantasm.lt
Benjamin Turner benjamin.turner@irmantasm.lt
Heather Gray heather.gray@irmantasm.lt
Grace Vaughan grace.vaughan@irmantasm.lt
Owen Gray owen.gray@irmantasm.lt
Karen Berry karen.berry@irmantasm.lt
Oliver Rees oliver.rees@irmantasm.lt
Wanda Hart wanda.hart@irmantasm.lt
Lillian Parr lillian.parr@irmantasm.lt
Cameron Bell cameron.bell@irmantasm.lt
Isaac Martin isaac.martin@irmantasm.lt
Adam Walsh adam.walsh@irmantasm.lt
Angela Skinner angela.skinner@irmantasm.lt
Dan Roberts dan.roberts@irmantasm.lt
Richard Randall richard.randall@irmantasm.lt
Anna Hill anna.hill@irmantasm.lt
William Walsh william.walsh@irmantasm.lt
Sarah Lee sarah.lee@irmantasm.lt
Luke Peters luke.peters@irmantasm.lt
Julia Young julia.young@irmantasm.lt
Ruth Hunter ruth.hunter@irmantasm.lt
Jacob Henderson jacob.henderson@irmantasm.lt
Felicity Bailey felicity.bailey@irmantasm.lt
Jane Nash jane.nash@irmantasm.lt
Jacob Slater jacob.slater@irmantasm.lt
Luke Hemmings luke.hemmings@irmantasm.lt
William Greene william.greene@irmantasm.lt
Ian Wallace ian.wallace@irmantasm.lt
Bernadette Parr bernadette.parr@irmantasm.lt
Frank White frank.white@irmantasm.lt
